Title,Price,Date
LG UltraGear 24GN60R-B,54590,2024-02-04
LG UltraGear 24GN60R-B,54590,2024-02-04
LG UltraGear 24GN60R-B,54590,2024-02-04
LG UltraGear 24GN60R-B,54590,2024-02-04
LG UltraGear 24GN60R-B,54590,2024-02-04
LG UltraGear 24GN60R-B,54590,2024-02-04
LG UltraGear 24GN60R-B,54590,2024-02-04
LG UltraGear 24GN60R-B,54590,2024-02-04
LG UltraGear 24GN60R-B,54590,2024-02-04
LG UltraGear 24GN60R-B,54590,2024-02-04
LG UltraGear 24GN60R-B,54590,2024-02-04
LG UltraGear 24GN60R-B,54590,2024-02-04
LG UltraGear 24GN60R-B,54590,2024-02-04
LG UltraGear 24GN60R-B,54590,2024-02-04
LG UltraGear 24GN60R-B,54590,2024-02-04
LG UltraGear 24GN60R-B,54590,2024-02-04
LG UltraGear 24GN60R-B,54590,2024-02-04
LG UltraGear 24GN60R-B,54590,2024-02-04
LG UltraGear 24GN60R-B,54590,2024-02-04
LG UltraGear 24GN60R-B,54590,2024-02-04
LG UltraGear 24GN60R-B,54590,2024-02-04
LG UltraGear 24GN60R-B,54590,2024-02-04
LG UltraGear 24GN60R-B,54590,2024-02-04
LG UltraGear 24GN60R-B,54590,2024-02-04
LG UltraGear 24GN60R-B,54590,2024-02-04
LG UltraGear 24GN60R-B,54590,2024-02-04
LG UltraGear 24GN60R-B,54590,2024-02-04
LG UltraGear 24GN60R-B,54590,2024-02-04
LG UltraGear 24GN60R-B,54590,2024-02-04
LG UltraGear 24GN60R-B,54590,2024-02-04
LG UltraGear 24GN60R-B,54590,2024-02-04
LG UltraGear 24GN60R-B,54590,2024-02-04
LG UltraGear 24GN60R-B,54590,2024-02-04
LG UltraGear 24GN60R-B,54590,2024-02-04
LG UltraGear 24GN60R-B,54590,2024-02-04
LG UltraGear 24GN60R-B,54590,2024-02-04
LG UltraGear 24GN60R-B,54590,2024-02-04
LG UltraGear 24GN60R-B,54590,2024-02-04
LG UltraGear 24GN60R-B,54590,2024-02-04
